{"timestamp":"2025-06-26T19:40:07.136240","total_products":3,"products":[{"id":"amazon_B08N5WRWNW","name":"Echo Dot (4th Gen) - Smart speaker med Alexa - Blå","platform":"amazon","category":"electronics","url":"https://amazon.com/dp/B08N5WRWNW?tag=lemonec-20","price":"549 SEK","rating":4.7,"image":"https://m.media-amazon.com/images/I/714Rq4k05UL._AC_SX466_.jpg","description":"Amazon Echo Dot (4th Gen) är vår mest populära smarta högtalare med en snygg, kompakt design. Använd din röst för att spela musik, ställa frågor, kolla väder och nyheter.","features":["Kompakt design med kraftfullt ljud","Röststyrning för musik och smarta hem-enheter","Inbyggt nav för Zigbee-enheter","Skyddar din integritet med flera lager säkerhet"],"commission":"3.0%","estimated_earning":"0 USD/försäljning"},{"id":"amazon_B0BDHB9Y8H","name":"Apple AirPods Pro (2nd Generation) - Trådlösa hörlurar","platform":"amazon","category":"electronics","url":"https://amazon.com/dp/B0BDHB9Y8H?tag=lemonec-20","price":"2749 SEK","rating":4.4,"image":"https://m.media-amazon.com/images/I/61f1YfTkTdL._AC_SX466_.jpg","description":"AirPods Pro har fått en stor uppgradering. Den nya H2-chippet driver smartare brusreducering och 3D-ljud.","features":["Upp till 2x bättre aktiv brusreducering","Adaptiv transparens-läge","Personaliserat spatialt ljud med dynamisk huvudspårning","Upp till 30 timmars lyssning med laddningsetui"],"commission":"3.0%","estimated_earning":"0 USD/försäljning"},{"id":"amazon_B09G5JGJ49","name":"Samsung Galaxy Watch5 - Smartwatch med avancerad hälsoövervakning","platform":"amazon","category":"electronics","url":"https://amazon.com/dp/B09G5JGJ49?tag=lemonec-20","price":"3629 SEK","rating":4.3,"image":"https://m.media-amazon.com/images/I/61KIb7RF9OL._AC_SX466_.jpg","description":"Samsung Galaxy Watch5 kombinerar stil med avancerad hälsoteknologi för att hjälpa dig nå dina fitnessmål.","features":["Avancerad sömnanalys och snarkningsdetektering","Kroppssegmentanalys för detaljerad kroppskomposition","40mm Super AMOLED-skärm med always-on-display","Upp till 40 timmars batteritid"],"commission":"3.0%","estimated_earning":"0 USD/försäljning"}]}