{"timestamp":"2025-06-26T19:43:56.644957","total_products":5,"market":"Israel","currency":"ILS","products":[{"id":"ksp_KSP_IP15PRO","name":"iPhone 15 Pro 128GB - Natural Titanium","platform":"ksp","category":"smartphones","url":"https://www.ksp.co.il/web/item/78245?aff=AFF_IL_001","price":"14247 SEK","original_price":"4999.0 ILS","rating":4.8,"image":"https://www.ksp.co.il/web/multimedia/catalog/products/78245.jpg","description":"iPhone 15 Pro עם שבב A17 Pro המהפכני","commission":"3.5%","estimated_earning":"175 ILS/försäljning","market":"Israel","language":"Hebrew/English","shipping":"משלוח חינם","availability":"במלאי"},{"id":"ksp_KSP_MBAIR15","name":"MacBook Air 15 M2 256GB - Midnight","platform":"ksp","category":"laptops","url":"https://www.ksp.co.il/web/item/79156?aff=AFF_IL_001","price":"17097 SEK","original_price":"5999.0 ILS","rating":4.9,"image":"https://www.ksp.co.il/web/multimedia/catalog/products/79156.jpg","description":"MacBook Air 15 עם שבב M2 החדש","commission":"2.8%","estimated_earning":"168 ILS/försäljning","market":"Israel","language":"Hebrew/English","shipping":"משלוח חינם","availability":"במלאי"},{"id":"ksp_KSP_SWITCH","name":"Nintendo Switch OLED - Neon Blue/Red","platform":"ksp","category":"gaming","url":"https://www.ksp.co.il/web/item/77894?aff=AFF_IL_001","price":"3987 SEK","original_price":"1399.0 ILS","rating":4.7,"image":"https://www.ksp.co.il/web/multimedia/catalog/products/77894.jpg","description":"Nintendo Switch עם מסך OLED 7 אינץ' חי ותוסס","commission":"4.2%","estimated_earning":"59 ILS/försäljning","market":"Israel","language":"Hebrew/English","shipping":"משלוח חינם","availability":"במלאי"},{"id":"ksp_KSP_AIRPODS3","name":"Apple AirPods 3rd Generation","platform":"ksp","category":"audio","url":"https://www.ksp.co.il/web/item/76521?aff=AFF_IL_001","price":"1992 SEK","original_price":"699.0 ILS","rating":4.6,"image":"https://www.ksp.co.il/web/multimedia/catalog/products/76521.jpg","description":"AirPods דור 3 עם Spatial Audio וחיי סוללה ארוכים","commission":"3.8%","estimated_earning":"27 ILS/försäljning","market":"Israel","language":"Hebrew/English","shipping":"משלוח חינם","availability":"במלאי"},{"id":"ksp_KSP_PS5","name":"PlayStation 5 Console","platform":"ksp","category":"gaming","url":"https://www.ksp.co.il/web/item/75632?aff=AFF_IL_001","price":"6267 SEK","original_price":"2199.0 ILS","rating":4.8,"image":"https://www.ksp.co.il/web/multimedia/catalog/products/75632.jpg","description":"PlayStation 5 עם SSD מותאם אישית וגרפיקה מתקדמת","commission":"2.5%","estimated_earning":"55 ILS/försäljning","market":"Israel","language":"Hebrew/English","shipping":"משלוח חינם","availability":"במלאי מוגבל"}]}